{
  "current-scene": "2b3bbfc0-8b05-48af-8ffd-203faa70d346",
  "gizmos-infos": {
    "iconGizmoSize": 8,
    "isGridVisible": true,
    "isIconGizmo3D": false
  },
  "camera-infos": {
    "12f020d2-90ba-4127-b44b-dc09af88cac3": {
      "position": {
        "x": 66.55,
        "y": 66.55,
        "z": 66.55
      },
      "rotation": {
        "w": 0.8804762392171493,
        "x": -0.27984814233312133,
        "y": 0.3647051996310009,
        "z": 0.11591689595929514
      },
      "viewCenter": {
        "x": 0,
        "y": 0,
        "z": 0
      }
    },
    "2b3bbfc0-8b05-48af-8ffd-203faa70d346": {
      "position": {
        "x": 3.068085749100399,
        "y": 3.068085749100413,
        "z": 3.06808574910042
      },
      "rotation": {
        "w": 0.8804762392171493,
        "x": -0.27984814233312133,
        "y": 0.3647051996310009,
        "z": 0.11591689595929514
      },
      "viewCenter": {
        "x": 0,
        "y": 0,
        "z": 0
      }
    },
    "5b302b6a-8924-4177-8b8e-d660d09a9936": {
      "position": {
        "x": 4.444475801845566,
        "y": 4.4444758018455675,
        "z": 4.444475801845561
      },
      "rotation": {
        "w": 0.8804762392171493,
        "x": -0.27984814233312133,
        "y": 0.3647051996310009,
        "z": 0.11591689595929514
      },
      "viewCenter": {
        "x": 0,
        "y": 0,
        "z": 0
      }
    },
    "7b885a39-4e11-4e67-9d87-f9e81599d568": {
      "position": {
        "x": 50,
        "y": 50,
        "z": 50
      },
      "rotation": {
        "w": 0.8804762392171493,
        "x": -0.27984814233312133,
        "y": 0.3647051996310009,
        "z": 0.11591689595929514
      },
      "viewCenter": {
        "x": 0,
        "y": 0,
        "z": 0
      }
    },
    "f05e0719-dc21-413d-a2ac-1b67493a6be3": {
      "position": {
        "x": 370.01249721290804,
        "y": 370.012497212908,
        "z": 370.01249721290793
      },
      "rotation": {
        "w": 0.8804762392171493,
        "x": -0.27984814233312133,
        "y": 0.3647051996310009,
        "z": 0.11591689595929514
      },
      "viewCenter": {
        "x": 0,
        "y": 0,
        "z": 0
      }
    },
    "f46876e4-e81b-4931-b493-6d367be385e7": {
      "position": {
        "x": 36.45,
        "y": 36.45,
        "z": 36.45
      },
      "rotation": {
        "w": 0.8804762392171493,
        "x": -0.27984814233312133,
        "y": 0.3647051996310009,
        "z": 0.11591689595929514
      },
      "viewCenter": {
        "x": 0,
        "y": 0,
        "z": 0
      }
    }
  },
  "camera-uuids": [
    "2b3bbfc0-8b05-48af-8ffd-203faa70d346"
  ]
}
