{
  "current-scene": "2b3bbfc0-8b05-48af-8ffd-203faa70d346",
  "gizmos-infos": {
    "iconGizmoSize": 8,
    "isGridVisible": true,
    "isIconGizmo3D": false
  },
  "camera-infos": {
    "12f020d2-90ba-4127-b44b-dc09af88cac3": {
      "position": {
        "x": 66.55,
        "y": 66.55,
        "z": 66.55
      },
      "rotation": {
        "w": 0.8804762392171493,
        "x": -0.27984814233312133,
        "y": 0.3647051996310009,
        "z": 0.11591689595929514
      },
      "viewCenter": {
        "x": 0,
        "y": 0,
        "z": 0
      }
    },
    "2b3bbfc0-8b05-48af-8ffd-203faa70d346": {
      "position": {
        "x": 374.49473438708867,
        "y": 639.9510660117697,
        "z": 1000
      },
      "rotation": {
        "w": 1,
        "x": 0,
        "y": 0,
        "z": 0
      },
      "viewCenter": {
        "x": 0,
        "y": 0,
        "z": 0
      }
    },
    "f05e0719-dc21-413d-a2ac-1b67493a6be3": {
      "position": {
        "x": 370.01249721290804,
        "y": 370.012497212908,
        "z": 370.01249721290793
      },
      "rotation": {
        "w": 0.8804762392171493,
        "x": -0.27984814233312133,
        "y": 0.3647051996310009,
        "z": 0.11591689595929514
      },
      "viewCenter": {
        "x": 0,
        "y": 0,
        "z": 0
      }
    },
    "f46876e4-e81b-4931-b493-6d367be385e7": {
      "position": {
        "x": 50,
        "y": 50,
        "z": 50
      },
      "rotation": {
        "w": 0.8804762392171493,
        "x": -0.27984814233312133,
        "y": 0.3647051996310009,
        "z": 0.11591689595929514
      },
      "viewCenter": {
        "x": 0,
        "y": 0,
        "z": 0
      }
    }
  },
  "camera-uuids": [
    "2b3bbfc0-8b05-48af-8ffd-203faa70d346"
  ]
}
