{
  "current-scene": "2b3bbfc0-8b05-48af-8ffd-203faa70d346",
  "gizmos-infos": {
    "iconGizmoSize": 8,
    "isGridVisible": true,
    "isIconGizmo3D": false
  },
  "camera-infos": {
    "12f020d2-90ba-4127-b44b-dc09af88cac3": {
      "position": {
        "x": 66.55,
        "y": 66.55,
        "z": 66.55
      },
      "rotation": {
        "w": 0.8804762392171493,
        "x": -0.27984814233312133,
        "y": 0.3647051996310009,
        "z": 0.11591689595929514
      },
      "viewCenter": {
        "x": 0,
        "y": 0,
        "z": 0
      }
    },
    "2b3bbfc0-8b05-48af-8ffd-203faa70d346": {
      "position": {
        "x": 175.50406684826856,
        "y": 559.8174142444857,
        "z": 506.71690964343196
      },
      "rotation": {
        "w": 0.9079673837859985,
        "x": -0.3917843422544376,
        "y": 0.13355963025362175,
        "z": 0.057012573550236145
      },
      "viewCenter": {
        "x": 21.15952559018143,
        "y": -7.039931440185825,
        "z": -5.253902404732521
      }
    },
    "5b302b6a-8924-4177-8b8e-d660d09a9936": {
      "position": {
        "x": -0.20015132746590256,
        "y": 2.361448663272811,
        "z": 2.9063929264140715
      },
      "rotation": {
        "w": 0.8804762392171493,
        "x": -0.27984814233312133,
        "y": 0.3647051996310009,
        "z": 0.11591689595929514
      },
      "viewCenter": {
        "x": -2.357776263237,
        "y": 0.20382372750171415,
        "z": 0.7487679906429776
      }
    },
    "7b885a39-4e11-4e67-9d87-f9e81599d568": {
      "position": {
        "x": 2.7855673255749207,
        "y": 2.7855673255749194,
        "z": 2.7855673255749185
      },
      "rotation": {
        "w": 0.8804762392171493,
        "x": -0.27984814233312133,
        "y": 0.3647051996310009,
        "z": 0.11591689595929514
      },
      "viewCenter": {
        "x": 0,
        "y": 0,
        "z": 0
      }
    },
    "f05e0719-dc21-413d-a2ac-1b67493a6be3": {
      "position": {
        "x": 370.01249721290804,
        "y": 370.012497212908,
        "z": 370.01249721290793
      },
      "rotation": {
        "w": 0.8804762392171493,
        "x": -0.27984814233312133,
        "y": 0.3647051996310009,
        "z": 0.11591689595929514
      },
      "viewCenter": {
        "x": 0,
        "y": 0,
        "z": 0
      }
    },
    "f46876e4-e81b-4931-b493-6d367be385e7": {
      "position": {
        "x": 36.45,
        "y": 36.45,
        "z": 36.45
      },
      "rotation": {
        "w": 0.8804762392171493,
        "x": -0.27984814233312133,
        "y": 0.3647051996310009,
        "z": 0.11591689595929514
      },
      "viewCenter": {
        "x": 0,
        "y": 0,
        "z": 0
      }
    }
  },
  "camera-uuids": [
    "7b885a39-4e11-4e67-9d87-f9e81599d568"
  ]
}
