{
  "current-scene": "2b3bbfc0-8b05-48af-8ffd-203faa70d346",
  "gizmos-infos": {
    "iconGizmoSize": 2,
    "isGridVisible": true,
    "isIconGizmo3D": false
  },
  "camera-infos": {
    "12f020d2-90ba-4127-b44b-dc09af88cac3": {
      "position": {
        "x": 22.025249967877247,
        "y": 36.211437037751864,
        "z": 35.46408465460112
      },
      "rotation": {
        "w": 0.8679710191411627,
        "x": -0.35056601954852346,
        "y": 0.3259650044134416,
        "z": 0.13144161220589207
      },
      "viewCenter": {
        "x": -2,
        "y": 1,
        "z": 8
      }
    },
    "2b3bbfc0-8b05-48af-8ffd-203faa70d346": {
      "position": {
        "x": 15.898694113154933,
        "y": 17.3296941280561,
        "z": 22.551769296963727
      },
      "rotation": {
        "w": 0.8804762392171493,
        "x": -0.27984814233312133,
        "y": 0.3647051996310009,
        "z": 0.11591689595929514
      },
      "viewCenter": {
        "x": -1.4310000149011612,
        "y": 0,
        "z": 5.222075168907643
      }
    },
    "f05e0719-dc21-413d-a2ac-1b67493a6be3": {
      "position": {
        "x": 370.01249721290804,
        "y": 370.012497212908,
        "z": 370.01249721290793
      },
      "rotation": {
        "w": 0.8804762392171493,
        "x": -0.27984814233312133,
        "y": 0.3647051996310009,
        "z": 0.11591689595929514
      },
      "viewCenter": {
        "x": 0,
        "y": 0,
        "z": 0
      }
    },
    "f46876e4-e81b-4931-b493-6d367be385e7": {
      "position": {
        "x": 657.5544823830376,
        "y": 461.8505958088575,
        "z": 1000
      },
      "rotation": {
        "w": 1,
        "x": 0,
        "y": 0,
        "z": 0
      },
      "viewCenter": {
        "x": 0,
        "y": 0,
        "z": 0
      }
    }
  },
  "camera-uuids": [
    "2b3bbfc0-8b05-48af-8ffd-203faa70d346"
  ]
}
